,country,suicides
76,Saint Kitts and Nevis,0.0
27,Dominica,0.0
45,Jamaica,0.5217647058823529
1,Antigua and Barbuda,0.5529012345679012
65,Oman,0.7361111111111112
